Source File	Size	loadResources	load	generateSnapshots	load-configure	scan	loadDepInfo	loadInfo	checkR4R4B	generateNarratives	validate	loadLists	checkConformanceResources	checkConformanceResources2	checkConformanceResources3	generateLogicalMaps	validateExpressions	scanForUsageStats	checkURLsUnique	processProvenanceDetails	generate1	generate2	responsesForQuestionnaire	generateLogicals	makeDependencies	generateExampleZip	generateValidationPack	scanProfilesForR5	scanExamplesForR5
/fsh-generated/resources/ImplementationGuide-ans.fhir.fr.tddui.json	50941	-	0	0	0	0	0	0	18	61	0	0	0	0	0	0	0	1	0	0	176	404	0	0	0	0	18	0	2
fsh-generated/resources/Bundle-tddui-bundle-example.json	23077	18	39	0	1	0	0	0	2	2241	0	0	0	0	0	0	0	0	0	0	67	132	0	0	0	0	0	0	0
fsh-generated/resources/Bundle-tddui-pp-ime-bundle-example.json	10326	13	15	0	0	0	0	0	1	1792	0	0	0	0	0	0	0	1	0	0	36	140	0	0	0	0	0	0	0
fsh-generated/resources/Bundle-tddui-pp-pa-bundle-example.json	195416	16	62	0	0	0	0	0	3	1226	0	0	0	0	0	0	0	0	0	0	315	213	0	0	0	0	0	0	0
fsh-generated/resources/CapabilityStatement-TDDUIConsommateur.json	6074	9	0	0	0	0	1	0	0	21	0	0	0	0	0	0	0	0	0	0	55	68	0	0	1	0	3	0	0
fsh-generated/resources/CapabilityStatement-TDDUIProducteur.json	6086	9	0	0	0	0	0	0	0	19	0	1	0	0	0	0	0	0	0	0	53	48	0	0	0	0	2	0	0
fsh-generated/resources/CarePlan-tddui-pp-ime-careplan-example.json	1078	8	0	0	1	0	0	0	1	2	0	0	0	0	0	0	0	0	0	0	22	41	0	0	0	0	0	0	1
fsh-generated/resources/CarePlan-tddui-pp-pa-careplan-example.json	1338	9	0	0	0	0	0	0	0	2	0	0	0	0	1	0	0	0	0	0	22	39	0	0	0	0	0	0	0
fsh-generated/resources/CodeSystem-tddui-discriminator.json	1345	8	0	0	0	0	0	0	0	13	0	0	1	0	0	0	0	1	0	0	30	617	0	0	0	0	1	0	0
fsh-generated/resources/CodeSystem-tddui-encounter-identifier.json	647	8	0	0	0	0	0	0	0	8	0	0	0	0	0	0	0	0	0	0	20	91	0	0	0	0	0	0	0
fsh-generated/resources/CodeSystem-tddui-encounter-participant.json	685	8	0	0	1	0	0	0	0	8	0	0	0	0	0	0	0	0	0	0	18	74	0	0	0	1	1	0	0
fsh-generated/resources/CodeSystem-tddui-identifier.json	617	9	0	0	0	0	0	0	0	8	0	0	0	0	0	0	0	0	0	0	17	64	0	0	0	0	0	0	0
fsh-generated/resources/CodeSystem-tddui-task-input-action.json	1181	8	0	0	0	0	0	0	0	9	0	0	0	0	0	0	0	0	0	0	18	66	0	0	0	0	0	0	0
fsh-generated/resources/CodeSystem-tddui-task-input-bilan.json	1226	8	0	0	0	0	0	0	1	8	0	0	0	0	0	0	0	0	0	0	19	56	0	0	0	0	1	0	0
fsh-generated/resources/CodeSystem-tddui-task-input-moyen-ressource.json	1007	8	0	0	1	0	0	0	0	9	0	0	0	0	0	0	0	0	0	0	18	57	0	0	0	0	0	0	0
fsh-generated/resources/CodeSystem-tddui-task-input-prestation.json	1030	8	0	0	0	0	0	0	0	8	0	0	0	0	0	0	0	0	0	0	18	49	0	0	0	0	0	0	0
fsh-generated/resources/CodeSystem-tddui-task-input-transport.json	1866	9	0	0	0	0	0	0	0	9	0	0	0	0	0	0	0	0	0	0	21	84	0	0	0	0	1	0	0
fsh-generated/resources/CodeSystem-tddui-task-output-bilan.json	743	9	0	0	0	0	0	1	0	8	0	0	0	0	0	0	0	0	0	0	18	47	0	0	0	0	0	0	0
fsh-generated/resources/Consent-tddui-pp-ime-consent-accord-example.json	793	8	0	0	0	0	0	0	0	14	0	0	0	0	0	0	0	0	0	0	27	34	0	0	0	0	0	0	0
fsh-generated/resources/Consent-tddui-pp-pa-consent-accord-example.json	802	9	0	0	0	0	0	0	0	10	0	0	0	0	0	0	0	0	0	0	22	38	0	0	0	0	0	0	0
fsh-generated/resources/DocumentReference-tddui-pp-pa-documentreference-bilan-objectif-1-example.json	76074	9	0	0	0	0	0	0	0	3	0	0	0	0	0	0	0	0	0	0	114	51	0	0	0	0	0	0	0
fsh-generated/resources/DocumentReference-tddui-pp-pa-documentreference-entrant-example.json	81855	9	0	0	0	0	0	0	0	2	0	0	0	0	0	0	0	0	0	0	121	54	0	0	0	0	0	0	0
fsh-generated/resources/Encounter-tddui-encounter-evenement-example.json	3875	8	0	0	1	0	0	0	1	5	0	0	0	0	0	0	0	0	0	0	22	44	0	0	0	0	0	0	0
fsh-generated/resources/Encounter-tddui-encounter-sejour-example.json	1671	9	0	0	0	0	0	0	0	2	0	0	0	0	0	0	0	0	0	0	18	38	0	0	0	0	0	0	0
fsh-generated/resources/Goal-tddui-pp-ime-goal-objectif-1-example.json	1281	8	0	0	0	0	0	0	0	1	0	0	0	0	0	0	0	0	0	0	16	36	0	0	0	0	0	0	0
fsh-generated/resources/Goal-tddui-pp-ime-goal-objectif-2-example.json	1293	8	0	0	0	0	0	0	0	2	0	0	0	0	0	0	0	0	0	0	17	36	0	0	0	0	0	0	0
fsh-generated/resources/Goal-tddui-pp-pa-goal-attente-famille-example.json	1336	9	0	0	0	0	0	0	0	1	0	0	0	0	0	0	0	0	0	0	17	27	0	0	0	0	0	0	0
fsh-generated/resources/Goal-tddui-pp-pa-goal-attente-usager-example.json	1378	8	0	0	0	0	0	0	0	1	0	0	0	0	0	0	0	0	0	0	17	23	0	0	0	0	0	0	0
fsh-generated/resources/Goal-tddui-pp-pa-goal-objectif-1-example.json	1639	9	0	0	0	0	0	0	0	2	0	0	0	0	0	0	0	0	0	0	18	20	0	0	0	0	0	0	0
fsh-generated/resources/Goal-tddui-pp-pa-goal-objectif-2-example.json	1419	8	0	0	0	0	0	0	0	2	0	0	0	0	0	0	0	0	0	0	17	19	0	0	0	0	0	0	0
fsh-generated/resources/Goal-tddui-pp-pa-goal-objectif-3-example.json	1364	8	0	0	0	0	0	0	1	1	0	0	0	0	0	0	0	0	0	0	16	19	0	0	0	0	0	0	0
fsh-generated/resources/Location-tddui-event-location-example.json	325	8	0	0	0	0	0	0	0	1	0	0	0	0	0	0	0	0	0	0	15	17	0	0	0	0	0	0	0
fsh-generated/resources/Organization-tddui-organization-example.json	537	8	0	0	1	0	0	0	0	0	0	0	0	0	0	0	0	0	0	0	15	17	0	0	0	0	0	0	0
fsh-generated/resources/Patient-tddui-patient-example.json	1945	8	0	0	0	0	0	0	0	1	0	0	0	0	0	0	0	0	0	0	17	23	0	0	0	0	0	0	0
fsh-generated/resources/Patient-tddui-patient-ins-example.json	2407	8	0	0	0	0	0	0	0	1	0	0	0	0	0	0	0	0	0	0	19	18	0	0	0	0	0	0	0
fsh-generated/resources/Patient-tddui-pp-ime-patient-example.json	693	8	0	0	0	0	0	0	0	0	0	0	0	0	0	0	0	0	0	0	15	22	0	0	0	0	0	0	0
fsh-generated/resources/Patient-tddui-pp-pa-patient-example-pp.json	722	8	0	0	0	0	0	0	0	1	0	0	0	0	0	0	0	0	0	0	15	25	0	0	0	0	0	0	0
fsh-generated/resources/Practitioner-tddui-pp-pa-practitioner-ide-example.json	766	9	0	0	0	0	0	0	0	1	0	0	0	0	0	0	0	0	0	0	16	26	0	0	0	0	0	0	0
fsh-generated/resources/Practitioner-tddui-practitioner-example.json	1015	8	0	0	0	0	0	0	0	1	0	0	0	0	0	0	0	0	0	0	15	25	0	0	0	0	0	0	0
fsh-generated/resources/PractitionerRole-tddui-practitioner-role-example.json	1510	8	0	0	0	0	0	0	0	0	0	0	0	0	0	0	0	0	0	0	17	34	0	0	0	0	0	0	0
fsh-generated/resources/Questionnaire-tddui-questionnaire-aggir-pa-ssiad.json	43524	11	0	0	0	0	0	0	4	89	0	0	0	0	0	0	0	0	0	0	231	113	0	0	0	0	9	1	1
fsh-generated/resources/Questionnaire-tddui-questionnaire-aggir-ph-ssiad.json	29562	10	0	0	1	0	0	0	2	45	0	0	0	0	0	0	0	0	0	0	162	96	0	0	0	0	7	0	0
fsh-generated/resources/Questionnaire-tddui-questionnaire-serafin.json	12402	10	0	0	0	0	0	0	1	27	0	0	0	0	0	0	0	0	0	0	112	70	0	0	0	0	3	0	0
fsh-generated/resources/Questionnaire-tddui-questionnaire-situation-ssiad.json	3635	8	0	0	0	0	0	0	1	14	0	0	0	0	0	0	0	0	0	0	42	33	0	0	0	0	2	0	0
fsh-generated/resources/QuestionnaireResponse-tddui-pp-pa-questionnaire-response-aggir-pa-example.json	950	8	0	0	0	0	0	0	0	1	0	0	0	0	0	0	0	0	0	0	25	36	0	0	0	0	0	0	0
fsh-generated/resources/QuestionnaireResponse-tddui-questionnaire-response-aggir-pa-example.json	26545	10	0	0	0	0	0	0	2	11	0	0	0	0	0	0	0	1	0	0	173	84	0	0	0	0	0	0	1
fsh-generated/resources/QuestionnaireResponse-tddui-questionnaire-response-aggir-ph-example.json	17969	9	0	0	0	0	0	0	1	8	0	0	0	0	0	0	0	0	0	0	123	74	0	0	0	0	0	0	0
fsh-generated/resources/QuestionnaireResponse-tddui-questionnaire-response-serafin-precision-example.json	1977	9	0	0	1	0	0	0	0	2	0	0	0	0	0	0	0	0	0	0	30	49	0	0	0	0	0	0	0
fsh-generated/resources/QuestionnaireResponse-tddui-questionnaire-response-serafin-sans-precision-example.json	1436	8	0	0	0	0	0	0	0	1	0	0	0	0	0	0	0	0	0	0	25	44	0	0	0	0	0	0	0
fsh-generated/resources/QuestionnaireResponse-tddui-questionnaire-response-situation-ssiad-example.json	2124	8	0	0	0	0	0	0	0	2	0	0	0	0	0	0	0	0	0	0	35	43	0	0	0	0	0	0	0
fsh-generated/resources/RelatedPerson-tddui-related-person-contact-example.json	865	8	0	0	0	0	0	0	0	2	0	0	0	0	0	0	0	0	0	0	16	35	0	0	0	0	0	0	0
fsh-generated/resources/ServiceRequest-tddui-pp-pa-servicerequest-besoin-1-example.json	689	8	0	0	0	0	0	0	0	2	0	0	0	0	0	0	0	0	0	0	17	33	0	0	0	0	0	0	0
fsh-generated/resources/ServiceRequest-tddui-pp-pa-servicerequest-besoin-2-example.json	681	8	0	0	0	0	0	0	0	1	0	0	0	0	0	0	0	0	0	0	16	20	0	0	0	0	0	0	0
fsh-generated/resources/ServiceRequest-tddui-pp-pa-servicerequest-besoin-3-example.json	700	8	0	0	0	0	0	0	1	2	0	0	0	0	0	0	0	0	0	0	17	18	0	0	0	0	0	0	0
fsh-generated/resources/StructureDefinition-tddui-admission-date.json	1319	9	0	16	0	0	0	0	0	31	0	0	0	0	0	0	0	0	0	0	39	639	0	0	0	0	2	0	0
fsh-generated/resources/StructureDefinition-tddui-attachment.json	1944	8	0	37	0	0	0	0	0	21	0	0	0	0	0	0	0	0	0	0	40	364	0	0	0	0	1	0	0
fsh-generated/resources/StructureDefinition-tddui-birth-order.json	1914	8	0	59	1	0	0	0	0	21	0	0	0	0	0	0	0	0	0	0	40	252	0	0	0	0	1	0	0
fsh-generated/resources/StructureDefinition-tddui-bundle.json	21014	10	0	1802	0	0	0	0	0	174	0	0	1	0	0	0	0	5	0	0	1551	3218	0	0	0	0	91	0	6
fsh-generated/resources/StructureDefinition-tddui-careplan-projet-personnalise.json	11485	9	0	31	0	0	0	0	0	80	0	0	1	0	0	0	0	2	0	0	335	721	0	0	0	0	18	1	2
fsh-generated/resources/StructureDefinition-tddui-careplan-reference.json	1596	8	0	10	0	0	0	0	0	11	0	0	0	0	0	0	0	0	0	0	40	259	0	0	0	0	2	0	0
fsh-generated/resources/StructureDefinition-tddui-comment.json	2010	9	0	7	0	0	0	0	0	11	0	0	0	0	0	0	0	0	0	0	52	234	0	0	0	0	1	0	0
fsh-generated/resources/StructureDefinition-tddui-consent-accord.json	3095	8	0	16	0	0	0	0	0	18	0	0	0	0	0	0	0	0	0	0	153	412	0	0	0	0	7	0	0
fsh-generated/resources/StructureDefinition-tddui-discriminator.json	1641	9	0	8	1	0	0	0	0	11	0	0	0	0	0	0	0	0	0	0	47	226	0	0	0	0	2	0	1
fsh-generated/resources/StructureDefinition-tddui-document-reference.json	14705	9	0	19	0	0	0	0	1	44	0	0	0	0	0	0	0	1	0	0	254	525	0	0	1	0	13	0	0
fsh-generated/resources/StructureDefinition-tddui-encounter-evenement.json	30760	10	0	37	0	0	0	0	0	72	0	0	1	0	0	0	0	2	0	0	597	812	0	0	0	0	30	0	2
fsh-generated/resources/StructureDefinition-tddui-encounter-sejour.json	9172	9	0	21	0	0	0	0	0	123	0	0	0	0	0	0	0	1	0	0	241	458	0	0	0	0	13	0	2
fsh-generated/resources/StructureDefinition-tddui-entry-mode-label.json	1320	9	0	8	0	0	0	0	0	11	0	0	0	0	0	0	0	0	0	0	39	219	0	0	0	0	2	0	0
fsh-generated/resources/StructureDefinition-tddui-evaluation-reference.json	1545	8	0	9	0	0	0	0	0	10	0	0	0	0	0	0	0	0	0	0	38	224	0	0	0	0	1	0	0
fsh-generated/resources/StructureDefinition-tddui-event-cancel-reason.json	1577	9	0	7	0	0	0	0	0	10	0	0	0	0	0	0	0	1	0	0	39	220	0	0	0	0	2	0	0
fsh-generated/resources/StructureDefinition-tddui-event-label.json	1311	8	0	8	0	0	0	0	0	11	0	0	0	0	0	0	0	0	0	0	38	223	0	0	0	0	1	0	0
fsh-generated/resources/StructureDefinition-tddui-event-reason.json	1329	8	0	7	1	0	0	0	0	10	0	0	0	0	0	0	0	0	0	0	38	224	0	0	0	0	1	0	0
fsh-generated/resources/StructureDefinition-tddui-event-report.json	1381	9	0	8	0	0	0	0	0	10	0	0	0	0	0	0	0	0	0	0	38	216	0	0	0	0	1	0	0
fsh-generated/resources/StructureDefinition-tddui-exercise-mode.json	1851	8	0	9	0	0	0	0	0	12	0	0	0	0	0	0	0	0	0	0	50	224	0	0	0	0	2	0	0
fsh-generated/resources/StructureDefinition-tddui-exit-mode-label.json	1312	8	0	7	0	0	0	0	0	10	0	0	0	0	0	0	0	0	0	0	37	217	0	0	0	0	2	1	0
fsh-generated/resources/StructureDefinition-tddui-goal-attente.json	7448	9	0	18	0	0	0	0	0	34	0	0	0	0	0	0	0	1	0	0	214	467	0	0	0	0	10	0	1
fsh-generated/resources/StructureDefinition-tddui-goal-objectif.json	14854	10	0	26	0	0	0	0	0	43	0	0	0	0	0	0	0	1	0	0	330	817	0	0	0	0	16	0	1
fsh-generated/resources/StructureDefinition-tddui-human-name.json	1029	8	0	9	0	0	0	0	0	12	0	0	0	0	0	0	0	0	0	0	48	343	0	0	0	0	2	0	0
fsh-generated/resources/StructureDefinition-tddui-meal.json	1295	8	0	7	0	0	0	0	0	10	0	0	0	0	0	0	0	0	0	0	39	342	0	0	0	0	2	0	0
fsh-generated/resources/StructureDefinition-tddui-nationality.json	3072	9	0	10	0	0	0	0	0	15	0	0	0	0	0	0	0	0	0	0	82	380	0	0	0	0	2	0	1
fsh-generated/resources/StructureDefinition-tddui-organization.json	2025	8	0	34	1	0	0	0	0	32	0	0	0	0	0	0	0	1	0	0	343	814	0	0	0	0	15	0	1
fsh-generated/resources/StructureDefinition-tddui-outside-service.json	1411	8	0	9	0	0	0	0	0	11	0	0	0	0	0	0	0	0	0	0	46	219	0	0	0	0	2	0	0
fsh-generated/resources/StructureDefinition-tddui-patient-ins.json	8691	9	0	78	0	0	0	0	0	49	0	0	0	0	0	0	0	3	0	0	521	982	0	0	0	0	24	1	2
fsh-generated/resources/StructureDefinition-tddui-patient-present.json	1372	9	0	8	0	0	0	0	0	12	0	0	0	0	0	0	0	0	0	0	41	217	0	0	0	0	4	0	0
fsh-generated/resources/StructureDefinition-tddui-patient.json	9262	10	0	34	0	0	0	0	1	40	0	0	0	0	0	0	0	2	0	0	446	931	0	0	0	0	21	0	2
fsh-generated/resources/StructureDefinition-tddui-practitioner-role.json	3743	9	0	14	0	0	0	0	0	19	0	0	0	0	0	0	0	0	0	0	130	387	0	0	0	0	7	0	1
fsh-generated/resources/StructureDefinition-tddui-practitioner.json	2727	9	0	26	1	0	0	0	0	26	0	0	0	0	0	0	0	1	0	0	239	589	0	0	0	0	12	0	1
fsh-generated/resources/StructureDefinition-tddui-profession.json	1725	8	0	9	0	0	0	0	0	17	0	0	0	0	0	0	0	0	0	0	48	233	0	0	0	0	2	0	0
fsh-generated/resources/StructureDefinition-tddui-qr-participant.json	3148	9	0	11	0	0	0	0	0	13	0	0	0	0	0	0	0	1	0	0	74	247	0	0	0	0	3	0	0
fsh-generated/resources/StructureDefinition-tddui-questionnaire-response.json	16710	9	0	22	0	0	0	0	0	33	0	0	1	0	0	0	0	1	0	0	322	519	0	0	0	0	14	0	1
fsh-generated/resources/StructureDefinition-tddui-related-person-contact-description.json	1375	8	0	8	0	0	0	0	0	11	0	0	0	0	0	0	0	0	0	0	38	231	0	0	0	0	1	1	0
fsh-generated/resources/StructureDefinition-tddui-related-person-contact.json	8214	8	0	19	0	0	0	0	0	2030	0	0	0	0	0	0	0	1	0	0	226	445	0	0	0	0	11	0	1
fsh-generated/resources/StructureDefinition-tddui-ressources-used.json	4149	8	0	11	0	0	0	0	0	19	0	0	0	0	0	0	0	0	0	0	93	257	0	0	0	0	5	0	0
fsh-generated/resources/StructureDefinition-tddui-service-request-besoin.json	5295	9	0	16	1	0	0	0	0	21	0	0	0	0	0	0	0	1	0	0	178	400	0	0	0	0	9	0	0
fsh-generated/resources/StructureDefinition-tddui-status-author.json	1813	8	0	9	0	0	0	0	0	10	0	0	0	0	0	0	0	0	0	0	39	215	0	0	0	0	1	0	0
fsh-generated/resources/StructureDefinition-tddui-task-action.json	11482	9	0	28	0	0	0	0	0	37	0	0	0	0	0	0	0	1	0	0	373	593	0	0	1	0	18	0	1
fsh-generated/resources/StructureDefinition-tddui-task-bilan.json	12257	9	0	25	0	0	0	0	0	36	0	0	0	0	0	0	0	1	0	0	374	636	0	0	0	0	18	0	1
fsh-generated/resources/StructureDefinition-tddui-task-moyen-ressource.json	7596	9	0	21	1	0	0	0	0	68	0	0	0	0	0	0	0	1	0	0	260	510	0	0	0	0	13	0	1
fsh-generated/resources/StructureDefinition-tddui-task-prestation.json	9820	9	0	27	0	0	0	0	0	50	0	0	1	0	0	0	0	1	0	0	322	554	0	0	0	0	16	1	1
fsh-generated/resources/StructureDefinition-tddui-task-transport-professionnel.json	5841	8	0	49	0	0	0	0	0	44	0	0	0	0	0	0	0	1	0	0	259	580	0	0	0	0	13	0	1
fsh-generated/resources/StructureDefinition-tddui-task-transport-usager.json	8239	9	0	23	0	0	0	0	0	51	0	0	0	0	0	0	0	2	0	0	334	639	0	0	0	0	16	0	1
fsh-generated/resources/StructureDefinition-tddui-task-transport.json	10479	9	0	0	1	0	0	0	1	55	0	0	0	0	0	0	0	1	0	0	335	658	0	0	0	0	15	0	0
fsh-generated/resources/Task-tddui-pp-ime-task-action-1-aesh-example.json	901	9	0	0	0	0	0	0	0	2	0	0	0	0	0	0	0	0	0	0	17	108	0	0	0	0	0	0	0
fsh-generated/resources/Task-tddui-pp-ime-task-action-1-educ-example.json	934	8	0	0	0	0	0	0	0	2	0	0	0	0	0	0	0	0	0	0	16	108	0	0	0	0	0	0	0
fsh-generated/resources/Task-tddui-pp-pa-task-action-1-ergo-example.json	1284	8	0	0	0	0	0	0	0	1	0	0	0	0	0	0	0	0	0	0	17	105	0	0	0	0	0	0	0
fsh-generated/resources/Task-tddui-pp-pa-task-action-1-ide-example.json	1282	8	0	0	0	0	0	0	0	2	0	0	0	0	0	0	0	0	0	0	22	109	0	0	0	0	0	0	0
fsh-generated/resources/Task-tddui-pp-pa-task-action-1-kine-example.json	1280	8	0	0	0	0	0	0	0	2	0	0	0	0	0	0	0	0	0	0	17	109	0	0	0	0	0	0	0
fsh-generated/resources/Task-tddui-pp-pa-task-action-2-anim-example.json	1267	8	0	0	0	0	0	0	0	1	0	0	0	0	0	0	0	0	0	0	17	109	0	0	0	0	0	0	0
fsh-generated/resources/Task-tddui-pp-pa-task-action-2-ide-example.json	1292	9	0	0	0	0	0	0	0	2	0	0	0	0	0	0	0	0	0	0	17	111	0	0	0	0	0	0	0
fsh-generated/resources/Task-tddui-pp-pa-task-action-3-psy-example.json	1250	8	0	0	0	0	0	0	0	1	0	0	0	0	0	0	0	0	0	0	17	109	0	0	0	0	0	0	0
fsh-generated/resources/Task-tddui-pp-pa-task-moyen-ressource-ergo-1-example.json	1044	8	0	0	0	0	0	0	0	2	0	0	0	0	0	0	0	0	0	0	17	110	0	0	0	0	0	0	1
fsh-generated/resources/Task-tddui-pp-pa-task-moyen-ressource-ide-1-example.json	1040	8	0	0	1	0	0	0	0	1	0	0	0	0	0	0	0	0	0	0	16	110	0	0	0	0	0	0	0
fsh-generated/resources/Task-tddui-pp-pa-task-moyen-ressource-ide-2-example.json	1015	9	0	0	0	0	0	0	0	1	0	0	0	0	0	0	0	0	0	0	17	109	0	0	0	0	0	0	0
fsh-generated/resources/Task-tddui-pp-pa-task-moyen-ressource-kine-1-example.json	1025	8	0	0	0	0	0	0	0	2	0	0	0	0	0	0	0	0	0	0	17	112	0	0	0	0	0	0	0
fsh-generated/resources/Task-tddui-task-transport-example.json	2149	8	0	0	0	0	0	0	0	3	0	0	0	0	0	0	0	0	0	0	19	108	0	0	0	0	0	0	0
fsh-generated/resources/Task-tddui-task-transport-professionel-example.json	2920	9	0	0	0	0	0	0	0	3	0	0	0	0	0	0	0	0	0	0	22	112	0	0	0	0	0	0	0
fsh-generated/resources/Task-tddui-task-transport-usager-example.json	3255	8	0	0	0	0	0	0	0	4	0	0	0	0	0	0	0	0	0	0	22	109	0	0	0	0	0	0	0
fsh-generated/resources/ValueSet-tddui-care-plan-supporting-info.json	1191	8	0	0	1	0	0	0	0	163	0	0	0	0	0	0	0	0	0	0	20	141	0	0	0	0	1	0	0
fsh-generated/resources/ValueSet-tddui-contact-protection-juridique.json	667	8	0	0	0	0	0	0	1	18	0	0	0	0	0	0	0	0	0	0	17	116	0	0	0	0	0	0	0
fsh-generated/resources/ValueSet-tddui-contact-related-person-relashionship.json	991	8	0	0	0	0	0	0	0	16	0	0	0	0	0	0	0	0	0	0	18	1257	0	0	0	0	0	0	0
fsh-generated/resources/ValueSet-tddui-contact-relation.json	1277	8	0	0	0	0	0	0	0	20	0	0	0	0	0	0	0	0	0	0	20	167	0	0	0	0	1	0	0
fsh-generated/resources/ValueSet-tddui-discriminator.json	591	12	0	0	0	0	0	0	0	16	0	0	0	0	0	0	0	0	0	0	16	124	0	0	0	0	0	0	0
fsh-generated/resources/ValueSet-tddui-encounter-identifier.json	748	8	0	0	0	0	0	0	0	17	0	0	0	0	0	0	0	0	0	0	17	136	0	0	0	0	0	0	0
fsh-generated/resources/ValueSet-tddui-encounter-participant.json	771	9	0	0	0	0	0	0	0	16	0	0	0	0	0	0	0	0	0	0	22	132	0	0	0	0	1	0	0
fsh-generated/resources/ValueSet-tddui-encounter-type.json	972	11	0	0	0	0	0	0	0	19	0	0	0	0	0	0	0	0	0	0	18	143	0	0	0	0	0	0	0
fsh-generated/resources/ValueSet-tddui-goal-attente-note.json	1143	8	0	0	0	0	0	0	0	18	0	0	0	0	0	0	0	0	0	0	19	112	0	0	0	0	1	0	0
fsh-generated/resources/ValueSet-tddui-goal-objectif-note.json	1071	8	0	0	0	0	0	0	0	19	0	0	0	0	0	0	0	0	0	0	19	113	0	0	0	0	0	0	0
fsh-generated/resources/ValueSet-tddui-patient-identifier.json	909	8	0	0	1	0	0	0	1	26	0	0	0	0	0	0	0	0	0	0	18	265	0	0	0	0	0	0	0
fsh-generated/resources/ValueSet-tddui-serafin.json	817	8	0	0	0	0	0	0	0	19	0	0	0	0	0	0	0	0	0	0	17	112	0	0	0	0	1	0	0
fsh-generated/resources/ValueSet-tddui-task-input-action.json	704	8	0	0	0	0	0	0	0	16	0	0	0	0	0	0	0	0	0	0	17	119	0	0	0	0	0	0	0
fsh-generated/resources/ValueSet-tddui-task-input-bilan.json	696	8	0	0	0	0	0	0	0	14	0	0	0	0	0	0	0	0	0	0	17	118	0	0	0	0	0	0	0
fsh-generated/resources/ValueSet-tddui-task-input-moyen-ressource.json	762	7	0	0	0	0	0	0	0	14	0	0	0	0	0	0	0	0	0	0	18	112	0	0	0	0	0	0	0
fsh-generated/resources/ValueSet-tddui-task-input-prestation.json	728	8	0	0	0	0	0	0	0	13	0	0	0	0	0	0	0	0	0	0	17	112	0	0	0	0	1	0	0
fsh-generated/resources/ValueSet-tddui-task-input-transport.json	719	8	0	0	1	0	0	0	0	14	0	0	0	0	0	0	0	0	0	0	17	115	0	0	0	0	0	0	0
fsh-generated/resources/ValueSet-tddui-task-output-bilan.json	702	8	0	0	0	0	0	0	0	13	0	0	0	0	0	0	0	0	0	0	16	109	0	0	0	0	0	0	0
/fsh-generated/includes/fsh-link-references.md	10539	-	-	-	0	0	0	0	0	0	0	0	0	0	0	0	0	0	0	0	0	1	0	0	0	0	0	0	0
/fsh-generated/includes/menu.xml	2996	-	-	-	0	0	0	0	0	0	0	0	0	0	0	0	0	0	0	0	0	0	0	0	0	0	0	0	0
/input/data/features.yml	190	-	-	-	0	0	0	0	0	0	0	0	0	0	0	0	0	0	0	0	0	0	0	0	0	0	0	0	0
/input/pagecontent/sfe_modelisation_contenu.md	84886	-	-	-	0	0	0	0	0	0	0	0	0	0	0	0	0	0	0	0	0	3	0	0	0	0	0	0	0
/input/pagecontent/sfe.md	307	-	-	-	0	0	0	0	0	0	0	0	0	0	0	0	0	0	0	0	0	1	0	0	0	0	0	0	0
/input/pagecontent/description_flux.md	169	-	-	-	0	0	0	0	0	0	0	0	0	0	0	0	0	0	0	0	0	0	0	0	0	0	0	0	0
/input/pagecontent/tests.md	593	-	-	-	0	0	0	0	0	0	0	0	0	0	0	0	0	0	0	0	0	0	0	0	0	0	0	0	0
/input/pagecontent/sfe_cadre_juridique.md	2549	-	-	-	0	0	0	0	0	0	0	0	0	0	0	0	0	0	0	0	0	0	0	0	0	0	0	0	0
/input/pagecontent/annexes_acronymes.md	1868	-	-	-	0	0	0	0	0	0	0	0	0	0	0	0	0	0	0	0	0	0	0	0	0	0	0	0	0
/input/pagecontent/sfe_organisation_contexte_metier.md	1925	-	-	-	0	0	0	0	0	0	0	0	0	0	0	0	0	0	0	0	0	0	0	0	0	0	0	0	0
/input/pagecontent/description_flux_synthese.md	687	-	-	-	0	0	0	0	0	0	0	0	0	0	0	0	0	0	0	0	0	0	0	0	0	0	0	0	0
/input/pagecontent/annexes_codes_professions_roles_modes_exercices.md	2584	-	-	-	0	0	0	0	0	0	0	0	0	0	0	0	0	0	0	0	0	0	0	0	0	0	0	0	0
/input/pagecontent/changes.md	10101	-	-	-	0	0	0	0	0	0	0	0	0	0	0	0	0	0	0	0	0	1	0	0	0	0	0	0	0
/input/pagecontent/sfe_definition_processus.md	3066	-	-	-	0	0	0	0	0	0	0	0	0	0	0	0	0	0	0	0	0	0	0	0	0	0	0	0	0
/input/pagecontent/annexes_documents_reference.md	865	-	-	-	0	0	0	0	0	0	0	0	0	0	0	0	0	0	0	0	0	0	0	0	0	0	0	0	0
/input/pagecontent/securite.md	940	-	-	-	0	0	0	0	0	0	0	0	0	0	0	0	0	0	0	0	0	0	0	0	0	0	0	0	0
/input/pagecontent/mapping_fonctionnel_FHIR.md	1934	-	-	-	0	0	0	0	0	0	0	0	0	0	0	0	0	0	0	0	0	0	0	0	0	0	0	0	0
/input/pagecontent/sfe_transfert_des_donnees_a_un_tiers.md	1909	-	-	-	0	0	0	0	0	0	0	0	0	0	0	0	0	0	0	0	0	0	0	0	0	0	0	0	0
/input/pagecontent/sfe_cas_usage.md	3937	-	-	-	0	0	0	0	0	0	0	0	0	0	0	0	0	0	0	0	0	1	0	0	0	0	0	0	0
/input/pagecontent/annexes.md	306	-	-	-	0	0	0	0	0	0	0	0	0	0	0	0	0	0	0	0	0	0	0	0	0	0	0	0	0
/input/pagecontent/description_flux_1_transmission_donnees_dui.md	6185	-	-	-	0	0	0	0	0	0	0	0	0	0	0	0	0	0	0	0	0	0	0	0	0	0	0	0	0
/input/pagecontent/downloads.md	958	-	-	-	0	0	0	0	0	0	0	0	0	0	0	0	0	0	0	0	0	0	0	0	0	0	0	0	0
/input/pagecontent/index.md	7747	-	-	-	0	0	0	0	0	0	0	0	0	0	0	0	0	0	0	0	0	36	0	0	0	0	0	0	0
/template/config	0	-	-	-	0	0	0	0	0	0	0	0	0	0	0	0	0	0	0	0	0	0	0	0	0	0	0	0	0
/template/config/_config.yml	140	-	-	-	0	0	0	0	0	0	0	0	0	0	0	0	0	0	0	0	0	0	0	0	0	0	0	0	0
/input/images	0	-	-	-	0	0	0	0	0	0	0	0	0	0	0	0	0	0	0	0	0	0	0	0	0	0	0	0	0
/input/images/anImage.png	36288	-	-	-	0	0	0	0	0	0	0	0	0	0	0	0	0	0	0	0	0	0	0	0	0	0	0	0	0
/input/images/ci-sis-logo.png	61365	-	-	-	0	0	0	0	0	0	0	0	0	0	0	0	0	0	0	0	0	1	0	0	0	0	0	0	0
/input/images/NormesStandards_TransfertDonneesDUI_V1.0.pdf	1523644	-	-	-	0	0	0	0	0	0	0	0	0	0	0	0	0	0	0	0	0	1	0	0	0	0	0	0	0
/temp/pages/_includes/artifacts.xml	61205	-	-	-	-	-	-	-	-	-	-	-	-	-	-	-	-	-	-	-	-	2	0	0	0	0	0	0	0
